{"hmm": {"A": {"+": {"+": 0.18658162222702326, "=": 0.6400563722557714, "-": 0.17336200551720538}, "=": {"+": 0.11589806103187439, "=": 0.7518056419400398, "-": 0.13229629702808465}, "-": {"+": 0.3105863315386704, "=": 0.47672686271256254, "-": 0.21268680574876814}}, "B": {"+": {"10+": 0.0, "10:5": 0.04708198494720308, "5:1": 0.5769559857842638, "1:-1": 0.19509275066860127, "-1:-5": 0.1777558924465704, "-5:-10": 0.003113386153361525, "-10+": 0.0}, "=": {"10+": 0.0, "10:5": 0.0006893093208339616, "5:1": 0.24807665836628182, "1:-1": 0.5728487963149835, "-1:-5": 0.1767695652064947, "-5:-10": 0.0016156707914053625, "-10+": 0.0}, "-": {"10+": 0.0, "10:5": 0.011320446356698141, "5:1": 0.17005630998152693, "1:-1": 0.1616640800201346, "-1:-5": 0.6258334167514833, "-5:-10": 0.031125746890157787, "-10+": 0.0}}, "pi": {"+": 2.145488165519955e-05, "=": 0.00041304979694116353, "-": 0.9995654953214019}}}