{"hmm": {"A": {"+": {"+": 0.19204998243302177, "=": 0.5266138628525824, "-": 0.28133615471439577}, "=": {"+": 0.10051918525765839, "=": 0.7884919868310214, "-": 0.11098882791132068}, "-": {"+": 0.3496946198671698, "=": 0.47951448648026196, "-": 0.1707908936525674}}, "B": {"+": {"10+": 0.0, "10:5": 0.04246418707171703, "5:1": 0.6334298551564188, "1:-1": 0.17300409256228366, "-1:-5": 0.1422181040930111, "-5:-10": 0.0042491732357203636, "-10+": 0.004634587880848448}, "=": {"10+": 0.0, "10:5": 0.0013544048823635423, "5:1": 0.17111247846176617, "1:-1": 0.6412363977799224, "-1:-5": 0.18614957058722006, "-5:-10": 0.0001353774435261398, "-10+": 1.1770845202277506e-05}, "-": {"10+": 0.0, "10:5": 0.014509603697199093, "5:1": 0.17567722060332652, "1:-1": 0.21982065029917788, "-1:-5": 0.5561608590553845, "-5:-10": 0.016821610880272637, "-10+": 0.017010055464638463}}, "pi": {"+": 0.9996579041787274, "=": 0.0003211958798919806, "-": 2.0899941379152755e-05}}}