{"hmm": {"A": {"+": {"+": 0.1920203997092809, "=": 0.531360793447882, "-": 0.27661880684283774}, "=": {"+": 0.15949079422591214, "=": 0.7028120911344883, "-": 0.1376971146395996}, "-": {"+": 0.2954948542846713, "=": 0.3786866693667927, "-": 0.3258184763485352}}, "B": {"+": {"10+": 0.06825985817620345, "10:5": 0.18385285745404362, "5:1": 0.4349907604237296, "1:-1": 0.10145250106730537, "-1:-5": 0.14858450487195882, "-5:-10": 0.06012978630433983, "-10+": 0.002729731702419827}, "=": {"10+": 0.006150983728145664, "10:5": 0.037163208222385835, "5:1": 0.2581220563943898, "1:-1": 0.40762195733693823, "-1:-5": 0.2651647401549336, "-5:-10": 0.023493114747336372, "-10+": 0.002283939415870022}, "-": {"10+": 0.02662699325312539, "10:5": 0.0448878303846085, "5:1": 0.12636633261509653, "1:-1": 0.08051413584662025, "-1:-5": 0.4212241362886532, "-5:-10": 0.2940889021697599, "-10+": 0.006291669442135526}}, "pi": {"+": 2.733229120244119e-05, "=": 0.009615740152263144, "-": 0.9903569275565349}}}