{"hmm": {"A": {"+": {"+": 0.0, "=": 0.7565315887981536, "-": 0.24346841120184637}, "=": {"+": 0.1348402314274724, "=": 0.8651597685725276, "-": 0.0}, "-": {"+": 1.0, "=": 0.0, "-": 0.0}}, "B": {"+": {"10+": 0.0, "10:5": 0.0, "5:1": 1.0, "1:-1": 5.325211604649349e-28, "-1:-5": 1.036759972461813e-20, "-5:-10": 0.0, "-10+": 0.0}, "=": {"10+": 0.0, "10:5": 0.0, "5:1": 2.7941606373013705e-21, "1:-1": 0.9359716545065089, "-1:-5": 0.06402834549349103, "-5:-10": 0.0, "-10+": 0.0}, "-": {"10+": 0.0, "10:5": 0.0, "5:1": 0.0, "1:-1": 1.3004545033802183e-26, "-1:-5": 1.0, "-5:-10": 0.0, "-10+": 0.0}}, "pi": {"+": 1.0, "=": 0.0, "-": 0.0}}}